{
  "lang":"en",
  "name":"pipeline",
  "version":"0.0.0",
  "spacy_version":">=3.7.4,<3.8.0",
  "description":"",
  "author":"",
  "email":"",
  "url":"",
  "license":"",
  "spacy_git_version":"bff8725f4",
  "vectors":{
    "width":0,
    "vectors":0,
    "keys":0,
    "name":null,
    "mode":"default"
  },
  "labels":{
    "transformer":[

    ],
    "ner":[
      "College Name",
      "Companies worked at",
      "Degree",
      "Designation",
      "Email Address",
      "Graduation Year",
      "Location",
      "Name",
      "Skills",
      "Years of Experience"
    ]
  },
  "pipeline":[
    "transformer",
    "ner"
  ],
  "components":[
    "transformer",
    "ner"
  ],
  "disabled":[

  ],
  "performance":{
    "ents_f":0.5811965812,
    "ents_p":0.5460385439,
    "ents_r":0.6211936663,
    "ents_per_type":{
      "Name":{
        "p":0.9384615385,
        "r":0.9838709677,
        "f":0.9606299213
      },
      "Designation":{
        "p":0.5030674847,
        "r":0.6029411765,
        "f":0.5484949833
      },
      "Companies worked at":{
        "p":0.3935742972,
        "r":0.5939393939,
        "f":0.4734299517
      },
      "Location":{
        "p":0.7291666667,
        "r":0.6666666667,
        "f":0.6965174129
      },
      "Email Address":{
        "p":0.813559322,
        "r":0.96,
        "f":0.880733945
      },
      "College Name":{
        "p":0.5909090909,
        "r":0.65,
        "f":0.619047619
      },
      "Graduation Year":{
        "p":0.3913043478,
        "r":0.435483871,
        "f":0.4122137405
      },
      "Degree":{
        "p":0.6097560976,
        "r":0.7575757576,
        "f":0.6756756757
      },
      "Skills":{
        "p":0.3396226415,
        "r":0.2195121951,
        "f":0.2666666667
      },
      "Years of Experience":{
        "p":0.4,
        "r":0.3333333333,
        "f":0.3636363636
      },
      "UNKNOWN":{
        "p":0.0,
        "r":0.0,
        "f":0.0
      }
    },
    "transformer_loss":17538.1049783496,
    "ner_loss":20221.0723349944
  }
}